,title,netflix_orig
0,House of Cards,1
1,Hemlock Grove,1
2,Orange Is the New Black,1
3,Marco Polo,1
4,Bloodline,1
5,Sense8,1
6,Narcos,1
7,Stranger Things,1
8,The Get Down,1
9,The Crown,1
10,Gilmore Girls: A Year in the Life,1
11,The OA,1
12,A Series of Unfortunate Events,1
13,13 Reasons Why,1
14,Gypsy,1
15,Ozark,1
16,Mindhunter,1
17,Godless,1
18,Altered Carbon,1
19,Seven Seconds,1
20,Lost in Space,1
21,The Innocents,1
22,The Haunting,1
23,Chilling Adventures of Sabrina,1
24,Narcos: Mexico,1
25,Tidelands,1
26,The Umbrella Academy,1
27,The Order,1
28,Shadow,1
29,Black Summer,1
30,Chambers,1
31,The Society,1
32,What/If,1
33,When They See Us,1
34,Trinkets,1
35,Another Life,1
36,Wu Assassins,1
37,The Dark Crystal: Age of Resistance,1
38,The I-Land,1
39,Unbelievable,1
40,Criminal: UK,1
41,Raising Dion,1
42,Dolly Parton's Heartstrings,1
43,Upcoming,1
44,V Wars,1
45,Virgin River,1
46,Soundtrack,1
47,The Witcher,1
48,House of Cards,1
49,Hemlock Grove,1
50,Orange Is the New Black,1
51,Marco Polo,1
52,Bloodline,1
53,Sense8,1
54,Narcos,1
55,Stranger Things,1
56,The Get Down,1
57,The Crown,1
58,Gilmore Girls: A Year in the Life,1
59,The OA,1
60,A Series of Unfortunate Events,1
61,13 Reasons Why,1
62,Gypsy,1
63,Ozark,1
64,Mindhunter,1
65,Godless,1
66,Altered Carbon,1
67,Seven Seconds,1
68,Lost in Space,1
69,The Innocents,1
70,The Haunting,1
71,Chilling Adventures of Sabrina,1
72,Narcos: Mexico,1
73,Tidelands,1
74,The Umbrella Academy,1
75,The Order,1
76,Shadow,1
77,Black Summer,1
78,Chambers,1
79,The Society,1
80,What/If,1
81,When They See Us,1
82,Trinkets,1
83,Another Life,1
84,Wu Assassins,1
85,The Dark Crystal: Age of Resistance,1
86,The I-Land,1
87,Unbelievable,1
88,Criminal: UK,1
89,Raising Dion,1
90,Dolly Parton's Heartstrings,1
91,Upcoming,1
92,V Wars,1
93,Virgin River,1
94,Soundtrack,1
95,The Witcher,1
96,House of Cards,1
97,Hemlock Grove,1
98,Orange Is the New Black,1
99,Marco Polo,1
100,Bloodline,1
101,Sense8,1
102,Narcos,1
103,Stranger Things,1
104,The Get Down,1
105,The Crown,1
106,Gilmore Girls: A Year in the Life,1
107,The OA,1
108,A Series of Unfortunate Events,1
109,13 Reasons Why,1
110,Gypsy,1
111,Ozark,1
112,Mindhunter,1
113,Godless,1
114,Altered Carbon,1
115,Seven Seconds,1
116,Lost in Space,1
117,The Innocents,1
118,The Haunting,1
119,Chilling Adventures of Sabrina,1
120,Narcos: Mexico,1
121,Tidelands,1
122,The Umbrella Academy,1
123,The Order,1
124,Shadow,1
125,Black Summer,1
126,Chambers,1
127,The Society,1
128,What/If,1
129,When They See Us,1
130,Trinkets,1
131,Another Life,1
132,Wu Assassins,1
133,The Dark Crystal: Age of Resistance,1
134,The I-Land,1
135,Unbelievable,1
136,Criminal: UK,1
137,Raising Dion,1
138,Dolly Parton's Heartstrings,1
139,Upcoming,1
140,V Wars,1
141,Virgin River,1
142,Soundtrack,1
143,The Witcher,1
144,House of Cards,1
145,Hemlock Grove,1
146,Orange Is the New Black,1
147,Marco Polo,1
148,Bloodline,1
149,Sense8,1
150,Narcos,1
151,Stranger Things,1
152,The Get Down,1
153,The Crown,1
154,Gilmore Girls: A Year in the Life,1
155,The OA,1
156,A Series of Unfortunate Events,1
157,13 Reasons Why,1
158,Gypsy,1
159,Ozark,1
160,Mindhunter,1
161,Godless,1
162,Altered Carbon,1
163,Seven Seconds,1
164,Lost in Space,1
165,The Innocents,1
166,The Haunting,1
167,Chilling Adventures of Sabrina,1
168,Narcos: Mexico,1
169,Tidelands,1
170,The Umbrella Academy,1
171,The Order,1
172,Shadow,1
173,Black Summer,1
174,Chambers,1
175,The Society,1
176,What/If,1
177,When They See Us,1
178,Trinkets,1
179,Another Life,1
180,Wu Assassins,1
181,The Dark Crystal: Age of Resistance,1
182,The I-Land,1
183,Unbelievable,1
184,Criminal: UK,1
185,Raising Dion,1
186,Dolly Parton's Heartstrings,1
187,Upcoming,1
188,V Wars,1
189,Virgin River,1
190,Soundtrack,1
191,The Witcher,1
192,House of Cards,1
193,Hemlock Grove,1
194,Orange Is the New Black,1
195,Marco Polo,1
196,Bloodline,1
197,Sense8,1
198,Narcos,1
199,Stranger Things,1
200,The Get Down,1
201,The Crown,1
202,Gilmore Girls: A Year in the Life,1
203,The OA,1
204,A Series of Unfortunate Events,1
205,13 Reasons Why,1
206,Gypsy,1
207,Ozark,1
208,Mindhunter,1
209,Godless,1
210,Altered Carbon,1
211,Seven Seconds,1
212,Lost in Space,1
213,The Innocents,1
214,The Haunting,1
215,Chilling Adventures of Sabrina,1
216,Narcos: Mexico,1
217,Tidelands,1
218,The Umbrella Academy,1
219,The Order,1
220,Shadow,1
221,Black Summer,1
222,Chambers,1
223,The Society,1
224,What/If,1
225,When They See Us,1
226,Trinkets,1
227,Another Life,1
228,Wu Assassins,1
229,The Dark Crystal: Age of Resistance,1
230,The I-Land,1
231,Unbelievable,1
232,Criminal: UK,1
233,Raising Dion,1
234,Dolly Parton's Heartstrings,1
235,Upcoming,1
236,V Wars,1
237,Virgin River,1
238,Soundtrack,1
239,The Witcher,1
240,House of Cards,1
241,Hemlock Grove,1
242,Orange Is the New Black,1
243,Marco Polo,1
244,Bloodline,1
245,Sense8,1
246,Narcos,1
247,Stranger Things,1
248,The Get Down,1
249,The Crown,1
250,Gilmore Girls: A Year in the Life,1
251,The OA,1
252,A Series of Unfortunate Events,1
253,13 Reasons Why,1
254,Gypsy,1
255,Ozark,1
256,Mindhunter,1
257,Godless,1
258,Altered Carbon,1
259,Seven Seconds,1
260,Lost in Space,1
261,The Innocents,1
262,The Haunting,1
263,Chilling Adventures of Sabrina,1
264,Narcos: Mexico,1
265,Tidelands,1
266,The Umbrella Academy,1
267,The Order,1
268,Shadow,1
269,Black Summer,1
270,Chambers,1
271,The Society,1
272,What/If,1
273,When They See Us,1
274,Trinkets,1
275,Another Life,1
276,Wu Assassins,1
277,The Dark Crystal: Age of Resistance,1
278,The I-Land,1
279,Unbelievable,1
280,Criminal: UK,1
281,Raising Dion,1
282,Dolly Parton's Heartstrings,1
283,Upcoming,1
284,V Wars,1
285,Virgin River,1
286,Soundtrack,1
287,The Witcher,1
288,House of Cards,1
289,Hemlock Grove,1
290,Orange Is the New Black,1
291,Marco Polo,1
292,Bloodline,1
293,Sense8,1
294,Narcos,1
295,Stranger Things,1
296,The Get Down,1
297,The Crown,1
298,Gilmore Girls: A Year in the Life,1
299,The OA,1
300,A Series of Unfortunate Events,1
301,13 Reasons Why,1
302,Gypsy,1
303,Ozark,1
304,Mindhunter,1
305,Godless,1
306,Altered Carbon,1
307,Seven Seconds,1
308,Lost in Space,1
309,The Innocents,1
310,The Haunting,1
311,Chilling Adventures of Sabrina,1
312,Narcos: Mexico,1
313,Tidelands,1
314,The Umbrella Academy,1
315,The Order,1
316,Shadow,1
317,Black Summer,1
318,Chambers,1
319,The Society,1
320,What/If,1
321,When They See Us,1
322,Trinkets,1
323,Another Life,1
324,Wu Assassins,1
325,The Dark Crystal: Age of Resistance,1
326,The I-Land,1
327,Unbelievable,1
328,Criminal: UK,1
329,Raising Dion,1
330,Dolly Parton's Heartstrings,1
331,Upcoming,1
332,V Wars,1
333,Virgin River,1
334,Soundtrack,1
335,The Witcher,1
336,House of Cards,1
337,Hemlock Grove,1
338,Orange Is the New Black,1
339,Marco Polo,1
340,Bloodline,1
341,Sense8,1
342,Narcos,1
343,Stranger Things,1
344,The Get Down,1
345,The Crown,1
346,Gilmore Girls: A Year in the Life,1
347,The OA,1
348,A Series of Unfortunate Events,1
349,13 Reasons Why,1
350,Gypsy,1
351,Ozark,1
352,Mindhunter,1
353,Godless,1
354,Altered Carbon,1
355,Seven Seconds,1
356,Lost in Space,1
357,The Innocents,1
358,The Haunting,1
359,Chilling Adventures of Sabrina,1
360,Narcos: Mexico,1
361,Tidelands,1
362,The Umbrella Academy,1
363,The Order,1
364,Shadow,1
365,Black Summer,1
366,Chambers,1
367,The Society,1
368,What/If,1
369,When They See Us,1
370,Trinkets,1
371,Another Life,1
372,Wu Assassins,1
373,The Dark Crystal: Age of Resistance,1
374,The I-Land,1
375,Unbelievable,1
376,Criminal: UK,1
377,Raising Dion,1
378,Dolly Parton's Heartstrings,1
379,Upcoming,1
380,V Wars,1
381,Virgin River,1
382,Soundtrack,1
383,The Witcher,1
384,House of Cards,1
385,Hemlock Grove,1
386,Orange Is the New Black,1
387,Marco Polo,1
388,Bloodline,1
389,Sense8,1
390,Narcos,1
391,Stranger Things,1
392,The Get Down,1
393,The Crown,1
394,Gilmore Girls: A Year in the Life,1
395,The OA,1
396,A Series of Unfortunate Events,1
397,13 Reasons Why,1
398,Gypsy,1
399,Ozark,1
400,Mindhunter,1
401,Godless,1
402,Altered Carbon,1
403,Seven Seconds,1
404,Lost in Space,1
405,The Innocents,1
406,The Haunting,1
407,Chilling Adventures of Sabrina,1
408,Narcos: Mexico,1
409,Tidelands,1
410,The Umbrella Academy,1
411,The Order,1
412,Shadow,1
413,Black Summer,1
414,Chambers,1
415,The Society,1
416,What/If,1
417,When They See Us,1
418,Trinkets,1
419,Another Life,1
420,Wu Assassins,1
421,The Dark Crystal: Age of Resistance,1
422,The I-Land,1
423,Unbelievable,1
424,Criminal: UK,1
425,Raising Dion,1
426,Dolly Parton's Heartstrings,1
427,Upcoming,1
428,V Wars,1
429,Virgin River,1
430,Soundtrack,1
431,The Witcher,1
432,House of Cards,1
433,Hemlock Grove,1
434,Orange Is the New Black,1
435,Marco Polo,1
436,Bloodline,1
437,Sense8,1
438,Narcos,1
439,Stranger Things,1
440,The Get Down,1
441,The Crown,1
442,Gilmore Girls: A Year in the Life,1
443,The OA,1
444,A Series of Unfortunate Events,1
445,13 Reasons Why,1
446,Gypsy,1
447,Ozark,1
448,Mindhunter,1
449,Godless,1
450,Altered Carbon,1
451,Seven Seconds,1
452,Lost in Space,1
453,The Innocents,1
454,The Haunting,1
455,Chilling Adventures of Sabrina,1
456,Narcos: Mexico,1
457,Tidelands,1
458,The Umbrella Academy,1
459,The Order,1
460,Shadow,1
461,Black Summer,1
462,Chambers,1
463,The Society,1
464,What/If,1
465,When They See Us,1
466,Trinkets,1
467,Another Life,1
468,Wu Assassins,1
469,The Dark Crystal: Age of Resistance,1
470,The I-Land,1
471,Unbelievable,1
472,Criminal: UK,1
473,Raising Dion,1
474,Dolly Parton's Heartstrings,1
475,Upcoming,1
476,V Wars,1
477,Virgin River,1
478,Soundtrack,1
479,The Witcher,1
480,House of Cards,1
481,Hemlock Grove,1
482,Orange Is the New Black,1
483,Marco Polo,1
484,Bloodline,1
485,Sense8,1
486,Narcos,1
487,Stranger Things,1
488,The Get Down,1
489,The Crown,1
490,Gilmore Girls: A Year in the Life,1
491,The OA,1
492,A Series of Unfortunate Events,1
493,13 Reasons Why,1
494,Gypsy,1
495,Ozark,1
496,Mindhunter,1
497,Godless,1
498,Altered Carbon,1
499,Seven Seconds,1
500,Lost in Space,1
501,The Innocents,1
502,The Haunting,1
503,Chilling Adventures of Sabrina,1
504,Narcos: Mexico,1
505,Tidelands,1
506,The Umbrella Academy,1
507,The Order,1
508,Shadow,1
509,Black Summer,1
510,Chambers,1
511,The Society,1
512,What/If,1
513,When They See Us,1
514,Trinkets,1
515,Another Life,1
516,Wu Assassins,1
517,The Dark Crystal: Age of Resistance,1
518,The I-Land,1
519,Unbelievable,1
520,Criminal: UK,1
521,Raising Dion,1
522,Dolly Parton's Heartstrings,1
523,Upcoming,1
524,V Wars,1
525,Virgin River,1
526,Soundtrack,1
527,The Witcher,1
528,House of Cards,1
529,Hemlock Grove,1
530,Orange Is the New Black,1
531,Marco Polo,1
532,Bloodline,1
533,Sense8,1
534,Narcos,1
535,Stranger Things,1
536,The Get Down,1
537,The Crown,1
538,Gilmore Girls: A Year in the Life,1
539,The OA,1
540,A Series of Unfortunate Events,1
541,13 Reasons Why,1
542,Gypsy,1
543,Ozark,1
544,Mindhunter,1
545,Godless,1
546,Altered Carbon,1
547,Seven Seconds,1
548,Lost in Space,1
549,The Innocents,1
550,The Haunting,1
551,Chilling Adventures of Sabrina,1
552,Narcos: Mexico,1
553,Tidelands,1
554,The Umbrella Academy,1
555,The Order,1
556,Shadow,1
557,Black Summer,1
558,Chambers,1
559,The Society,1
560,What/If,1
561,When They See Us,1
562,Trinkets,1
563,Another Life,1
564,Wu Assassins,1
565,The Dark Crystal: Age of Resistance,1
566,The I-Land,1
567,Unbelievable,1
568,Criminal: UK,1
569,Raising Dion,1
570,Dolly Parton's Heartstrings,1
571,Upcoming,1
572,V Wars,1
573,Virgin River,1
574,Soundtrack,1
575,The Witcher,1
576,House of Cards,1
577,Hemlock Grove,1
578,Orange Is the New Black,1
579,Marco Polo,1
580,Bloodline,1
581,Sense8,1
582,Narcos,1
583,Stranger Things,1
584,The Get Down,1
585,The Crown,1
586,Gilmore Girls: A Year in the Life,1
587,The OA,1
588,A Series of Unfortunate Events,1
589,13 Reasons Why,1
590,Gypsy,1
591,Ozark,1
592,Mindhunter,1
593,Godless,1
594,Altered Carbon,1
595,Seven Seconds,1
596,Lost in Space,1
597,The Innocents,1
598,The Haunting,1
599,Chilling Adventures of Sabrina,1
600,Narcos: Mexico,1
601,Tidelands,1
602,The Umbrella Academy,1
603,The Order,1
604,Shadow,1
605,Black Summer,1
606,Chambers,1
607,The Society,1
608,What/If,1
609,When They See Us,1
610,Trinkets,1
611,Another Life,1
612,Wu Assassins,1
613,The Dark Crystal: Age of Resistance,1
614,The I-Land,1
615,Unbelievable,1
616,Criminal: UK,1
617,Raising Dion,1
618,Dolly Parton's Heartstrings,1
619,Upcoming,1
620,V Wars,1
621,Virgin River,1
622,Soundtrack,1
623,The Witcher,1
624,House of Cards,1
625,Hemlock Grove,1
626,Orange Is the New Black,1
627,Marco Polo,1
628,Bloodline,1
629,Sense8,1
630,Narcos,1
631,Stranger Things,1
632,The Get Down,1
633,The Crown,1
634,Gilmore Girls: A Year in the Life,1
635,The OA,1
636,A Series of Unfortunate Events,1
637,13 Reasons Why,1
638,Gypsy,1
639,Ozark,1
640,Mindhunter,1
641,Godless,1
642,Altered Carbon,1
643,Seven Seconds,1
644,Lost in Space,1
645,The Innocents,1
646,The Haunting,1
647,Chilling Adventures of Sabrina,1
648,Narcos: Mexico,1
649,Tidelands,1
650,The Umbrella Academy,1
651,The Order,1
652,Shadow,1
653,Black Summer,1
654,Chambers,1
655,The Society,1
656,What/If,1
657,When They See Us,1
658,Trinkets,1
659,Another Life,1
660,Wu Assassins,1
661,The Dark Crystal: Age of Resistance,1
662,The I-Land,1
663,Unbelievable,1
664,Criminal: UK,1
665,Raising Dion,1
666,Dolly Parton's Heartstrings,1
667,Upcoming,1
668,V Wars,1
669,Virgin River,1
670,Soundtrack,1
671,The Witcher,1
672,House of Cards,1
673,Hemlock Grove,1
674,Orange Is the New Black,1
675,Marco Polo,1
676,Bloodline,1
677,Sense8,1
678,Narcos,1
679,Stranger Things,1
680,The Get Down,1
681,The Crown,1
682,Gilmore Girls: A Year in the Life,1
683,The OA,1
684,A Series of Unfortunate Events,1
685,13 Reasons Why,1
686,Gypsy,1
687,Ozark,1
688,Mindhunter,1
689,Godless,1
690,Altered Carbon,1
691,Seven Seconds,1
692,Lost in Space,1
693,The Innocents,1
694,The Haunting,1
695,Chilling Adventures of Sabrina,1
696,Narcos: Mexico,1
697,Tidelands,1
698,The Umbrella Academy,1
699,The Order,1
700,Shadow,1
701,Black Summer,1
702,Chambers,1
703,The Society,1
704,What/If,1
705,When They See Us,1
706,Trinkets,1
707,Another Life,1
708,Wu Assassins,1
709,The Dark Crystal: Age of Resistance,1
710,The I-Land,1
711,Unbelievable,1
712,Criminal: UK,1
713,Raising Dion,1
714,Dolly Parton's Heartstrings,1
715,Upcoming,1
716,V Wars,1
717,Virgin River,1
718,Soundtrack,1
719,The Witcher,1
720,House of Cards,1
721,Hemlock Grove,1
722,Orange Is the New Black,1
723,Marco Polo,1
724,Bloodline,1
725,Sense8,1
726,Narcos,1
727,Stranger Things,1
728,The Get Down,1
729,The Crown,1
730,Gilmore Girls: A Year in the Life,1
731,The OA,1
732,A Series of Unfortunate Events,1
733,13 Reasons Why,1
734,Gypsy,1
735,Ozark,1
736,Mindhunter,1
737,Godless,1
738,Altered Carbon,1
739,Seven Seconds,1
740,Lost in Space,1
741,The Innocents,1
742,The Haunting,1
743,Chilling Adventures of Sabrina,1
744,Narcos: Mexico,1
745,Tidelands,1
746,The Umbrella Academy,1
747,The Order,1
748,Shadow,1
749,Black Summer,1
750,Chambers,1
751,The Society,1
752,What/If,1
753,When They See Us,1
754,Trinkets,1
755,Another Life,1
756,Wu Assassins,1
757,The Dark Crystal: Age of Resistance,1
758,The I-Land,1
759,Unbelievable,1
760,Criminal: UK,1
761,Raising Dion,1
762,Dolly Parton's Heartstrings,1
763,Upcoming,1
764,V Wars,1
765,Virgin River,1
766,Soundtrack,1
767,The Witcher,1
768,House of Cards,1
769,Hemlock Grove,1
770,Orange Is the New Black,1
771,Marco Polo,1
772,Bloodline,1
773,Sense8,1
774,Narcos,1
775,Stranger Things,1
776,The Get Down,1
777,The Crown,1
778,Gilmore Girls: A Year in the Life,1
779,The OA,1
780,A Series of Unfortunate Events,1
781,13 Reasons Why,1
782,Gypsy,1
783,Ozark,1
784,Mindhunter,1
785,Godless,1
786,Altered Carbon,1
787,Seven Seconds,1
788,Lost in Space,1
789,The Innocents,1
790,The Haunting,1
791,Chilling Adventures of Sabrina,1
792,Narcos: Mexico,1
793,Tidelands,1
794,The Umbrella Academy,1
795,The Order,1
796,Shadow,1
797,Black Summer,1
798,Chambers,1
799,The Society,1
800,What/If,1
801,When They See Us,1
802,Trinkets,1
803,Another Life,1
804,Wu Assassins,1
805,The Dark Crystal: Age of Resistance,1
806,The I-Land,1
807,Unbelievable,1
808,Criminal: UK,1
809,Raising Dion,1
810,Dolly Parton's Heartstrings,1
811,Upcoming,1
812,V Wars,1
813,Virgin River,1
814,Soundtrack,1
815,The Witcher,1
816,House of Cards,1
817,Hemlock Grove,1
818,Orange Is the New Black,1
819,Marco Polo,1
820,Bloodline,1
821,Sense8,1
822,Narcos,1
823,Stranger Things,1
824,The Get Down,1
825,The Crown,1
826,Gilmore Girls: A Year in the Life,1
827,The OA,1
828,A Series of Unfortunate Events,1
829,13 Reasons Why,1
830,Gypsy,1
831,Ozark,1
832,Mindhunter,1
833,Godless,1
834,Altered Carbon,1
835,Seven Seconds,1
836,Lost in Space,1
837,The Innocents,1
838,The Haunting,1
839,Chilling Adventures of Sabrina,1
840,Narcos: Mexico,1
841,Tidelands,1
842,The Umbrella Academy,1
843,The Order,1
844,Shadow,1
845,Black Summer,1
846,Chambers,1
847,The Society,1
848,What/If,1
849,When They See Us,1
850,Trinkets,1
851,Another Life,1
852,Wu Assassins,1
853,The Dark Crystal: Age of Resistance,1
854,The I-Land,1
855,Unbelievable,1
856,Criminal: UK,1
857,Raising Dion,1
858,Dolly Parton's Heartstrings,1
859,Upcoming,1
860,V Wars,1
861,Virgin River,1
862,Soundtrack,1
863,The Witcher,1
864,House of Cards,1
865,Hemlock Grove,1
866,Orange Is the New Black,1
867,Marco Polo,1
868,Bloodline,1
869,Sense8,1
870,Narcos,1
871,Stranger Things,1
872,The Get Down,1
873,The Crown,1
874,Gilmore Girls: A Year in the Life,1
875,The OA,1
876,A Series of Unfortunate Events,1
877,13 Reasons Why,1
878,Gypsy,1
879,Ozark,1
880,Mindhunter,1
881,Godless,1
882,Altered Carbon,1
883,Seven Seconds,1
884,Lost in Space,1
885,The Innocents,1
886,The Haunting,1
887,Chilling Adventures of Sabrina,1
888,Narcos: Mexico,1
889,Tidelands,1
890,The Umbrella Academy,1
891,The Order,1
892,Shadow,1
893,Black Summer,1
894,Chambers,1
895,The Society,1
896,What/If,1
897,When They See Us,1
898,Trinkets,1
899,Another Life,1
900,Wu Assassins,1
901,The Dark Crystal: Age of Resistance,1
902,The I-Land,1
903,Unbelievable,1
904,Criminal: UK,1
905,Raising Dion,1
906,Dolly Parton's Heartstrings,1
907,Upcoming,1
908,V Wars,1
909,Virgin River,1
910,Soundtrack,1
911,The Witcher,1
